meeting_number,meeting_year,meeting_month,publication_date,decision,url
276,2026,1,2026-01-28,"276ª reunião - Copom mantém a taxa Selic em 15,00% a.a.",https://www.bcb.gov.br/controleinflacao/comunicadoscopom/276
275,2025,12,2025-12-10,"275ª reunião - Copom mantém a taxa Selic em 15,00% a.a.",https://www.bcb.gov.br/controleinflacao/comunicadoscopom/275
274,2025,11,2025-11-05,"274ª reunião - Copom mantém a taxa Selic em 15,00% a.a.",https://www.bcb.gov.br/controleinflacao/comunicadoscopom/274
273,2025,9,2025-09-17,"273ª reunião - Copom mantém a taxa Selic em 15,00% a.a.",https://www.bcb.gov.br/controleinflacao/comunicadoscopom/273
272,2025,7,2025-07-30,"272ª reunião - Copom mantém a taxa Selic em 15,00% a.a.",https://www.bcb.gov.br/controleinflacao/comunicadoscopom/272
271,2025,6,2025-06-18,"271ª reunião - Copom eleva a taxa Selic para 15,00% a.a.",https://www.bcb.gov.br/controleinflacao/comunicadoscopom/271
270,2025,5,2025-05-07,"270ª reunião - Copom eleva a taxa Selic para 14,75% a.a.",https://www.bcb.gov.br/controleinflacao/comunicadoscopom/270
269,2025,3,2025-03-19,"269ª reunião - Copom eleva a taxa Selic para 14,25% a.a.",https://www.bcb.gov.br/controleinflacao/comunicadoscopom/269
268,2025,1,2025-01-29,"268ª reunião - Copom eleva a taxa Selic para 13,25% a.a.",https://www.bcb.gov.br/controleinflacao/comunicadoscopom/268
267,2024,12,2024-12-11,"267ª reunião - Copom eleva a taxa Selic para 12,25% a.a.",https://www.bcb.gov.br/controleinflacao/comunicadoscopom/267
266,2024,11,2024-11-06,"266ª reunião - Copom eleva a taxa Selic para 11,25% a.a.",https://www.bcb.gov.br/controleinflacao/comunicadoscopom/266
265,2024,9,2024-09-18,"265ª reunião - Copom eleva a taxa Selic para 10,75% a.a.",https://www.bcb.gov.br/controleinflacao/comunicadoscopom/265
264,2024,7,2024-07-31,"264ª reunião - Copom mantém a taxa Selic em 10,50% a.a.",https://www.bcb.gov.br/controleinflacao/comunicadoscopom/264
263,2024,6,2024-06-19,"263ª reunião - Copom mantém a taxa Selic em 10,50% a.a.",https://www.bcb.gov.br/controleinflacao/comunicadoscopom/263
262,2024,5,2024-05-08,"262ª reunião - Copom reduz a taxa Selic para 10,50% a.a.",https://www.bcb.gov.br/controleinflacao/comunicadoscopom/262
261,2024,3,2024-03-20,"261ª reunião - Copom reduz a taxa Selic para 10,75% a.a.",https://www.bcb.gov.br/controleinflacao/comunicadoscopom/261
260,2024,1,2024-01-31,"260ª reunião - Copom reduz a taxa Selic para 11,25% a.a.",https://www.bcb.gov.br/controleinflacao/comunicadoscopom/260
259,2023,12,2023-12-13,"259ª reunião - Copom reduz a taxa Selic para 11,75% a.a.",https://www.bcb.gov.br/controleinflacao/comunicadoscopom/259
258,2023,11,2023-11-01,"258ª reunião - Copom reduz a taxa Selic para 12,25% a.a.",https://www.bcb.gov.br/controleinflacao/comunicadoscopom/258
257,2023,9,2023-09-20,"257ª reunião - Copom reduz a taxa Selic para 12,75% a.a.",https://www.bcb.gov.br/controleinflacao/comunicadoscopom/257
256,2023,8,2023-08-02,"256ª reunião - Copom reduz a taxa Selic para 13,25% a.a.",https://www.bcb.gov.br/controleinflacao/comunicadoscopom/256
255,2023,6,2023-06-21,"255ª reunião - Copom mantém a taxa Selic em 13,75% a.a.",https://www.bcb.gov.br/controleinflacao/comunicadoscopom/255
254,2023,5,2023-05-03,"254ª reunião - Copom mantém a taxa Selic em 13,75% a.a.",https://www.bcb.gov.br/controleinflacao/comunicadoscopom/254
253,2023,3,2023-03-22,"253ª reunião - Copom mantém a taxa Selic em 13,75% a.a.",https://www.bcb.gov.br/controleinflacao/comunicadoscopom/253
252,2023,2,2023-02-01,"252ª reunião - Copom mantém a taxa Selic em 13,75% a.a.",https://www.bcb.gov.br/controleinflacao/comunicadoscopom/252
251,2022,12,2022-12-07,"251ª reunião - Copom mantém a taxa Selic em 13,75% a.a.",https://www.bcb.gov.br/controleinflacao/comunicadoscopom/251
250,2022,10,2022-10-26,"250ª reunião - Copom mantém a taxa Selic em 13,75% a.a.",https://www.bcb.gov.br/controleinflacao/comunicadoscopom/250
249,2022,9,2022-09-21,"249ª reunião - Copom mantém a taxa Selic em 13,75% a.a.",https://www.bcb.gov.br/controleinflacao/comunicadoscopom/249
248,2022,8,2022-08-03,"248ª reunião - Copom eleva a taxa Selic para 13,75% a.a.",https://www.bcb.gov.br/controleinflacao/comunicadoscopom/248
247,2022,6,2022-06-15,"247ª reunião - Copom eleva a taxa Selic para 13,25% a.a.",https://www.bcb.gov.br/controleinflacao/comunicadoscopom/247
246,2022,5,2022-05-04,"246ª reunião - Copom eleva a taxa Selic para 12,75% a.a.",https://www.bcb.gov.br/controleinflacao/comunicadoscopom/246
245,2022,3,2022-03-16,"245ª reunião - Copom eleva a taxa Selic para 11,75% a.a.",https://www.bcb.gov.br/controleinflacao/comunicadoscopom/245
244,2022,2,2022-02-02,"244ª reunião - Copom eleva a taxa Selic para 10,75% a.a.",https://www.bcb.gov.br/controleinflacao/comunicadoscopom/244
243,2021,12,2021-12-08,"243ª reunião - Copom eleva a taxa Selic para 9,25% a.a.",https://www.bcb.gov.br/controleinflacao/comunicadoscopom/243
242,2021,10,2021-10-27,"242ª reunião - Copom eleva a taxa Selic para 7,75% a.a.",https://www.bcb.gov.br/controleinflacao/comunicadoscopom/242
241,2021,9,2021-09-22,"241ª reunião - Copom eleva a taxa Selic para 6,25% a.a.",https://www.bcb.gov.br/controleinflacao/comunicadoscopom/241
240,2021,8,2021-08-04,"240ª reunião - Copom eleva a taxa Selic para 5,25% a.a.",https://www.bcb.gov.br/controleinflacao/comunicadoscopom/240
239,2021,6,2021-06-16,"239ª reunião - Copom eleva a taxa Selic para 4,25% a.a.",https://www.bcb.gov.br/controleinflacao/comunicadoscopom/239
238,2021,5,2021-05-05,"238ª reunião - Copom eleva a taxa Selic para 3,50% a.a.",https://www.bcb.gov.br/controleinflacao/comunicadoscopom/238
237,2021,3,2021-03-17,"237ª reunião - Copom eleva a taxa Selic para 2,75% a.a.",https://www.bcb.gov.br/controleinflacao/comunicadoscopom/237
236,2021,1,2021-01-20,"236ª reunião - Copom mantém a taxa Selic em 2,00% a.a.",https://www.bcb.gov.br/controleinflacao/comunicadoscopom/236
235,2020,12,2020-12-09,"235ª reunião - Copom mantém a taxa Selic em 2,00% a.a.",https://www.bcb.gov.br/controleinflacao/comunicadoscopom/235
234,2020,10,2020-10-28,"234ª reunião - Copom mantém a taxa Selic em 2,00% a.a.",https://www.bcb.gov.br/controleinflacao/comunicadoscopom/234
233,2020,9,2020-09-16,"233ª reunião - Copom mantém a taxa Selic em 2,00% a.a.",https://www.bcb.gov.br/controleinflacao/comunicadoscopom/233
232,2020,8,2020-08-05,"232ª reunião - Copom reduz a taxa Selic para 2,00% a.a.",https://www.bcb.gov.br/controleinflacao/comunicadoscopom/232
231,2020,6,2020-06-17,"231ª reunião - Copom reduz a taxa Selic para 2,25% a.a.",https://www.bcb.gov.br/controleinflacao/comunicadoscopom/231
230,2020,5,2020-05-06,"230ª reunião - Copom reduz a taxa Selic para 3,00% a.a.",https://www.bcb.gov.br/controleinflacao/comunicadoscopom/230
229,2020,3,2020-03-18,"229ª reunião - Copom reduz a taxa Selic para 3,75% a.a.",https://www.bcb.gov.br/controleinflacao/comunicadoscopom/229
228,2020,2,2020-02-05,"228ª reunião - Copom reduz taxa Selic para 4,25% a.a.",https://www.bcb.gov.br/controleinflacao/comunicadoscopom/228
227,2019,12,2019-12-11,"227ª reunião - Copom reduz taxa Selic para 4,50% a.a.",https://www.bcb.gov.br/controleinflacao/comunicadoscopom/227
226,2019,10,2019-10-30,"226ª reunião - Copom reduz taxa Selic para 5,00% a.a.",https://www.bcb.gov.br/controleinflacao/comunicadoscopom/226
225,2019,9,2019-09-18,"225ª reunião - Copom reduz taxa Selic para 5,50% a.a.",https://www.bcb.gov.br/controleinflacao/comunicadoscopom/225
224,2019,7,2019-07-31,"224ª reunião - Copom reduz taxa Selic para 6,00% a.a.",https://www.bcb.gov.br/controleinflacao/comunicadoscopom/224
223,2019,6,2019-06-19,"223ª reunião - Copom mantém taxa Selic em 6,50% a.a.",https://www.bcb.gov.br/controleinflacao/comunicadoscopom/223
222,2019,5,2019-05-08,"222ª reunião - Copom mantém taxa Selic em 6,50 % a.a.",https://www.bcb.gov.br/controleinflacao/comunicadoscopom/222
221,2019,3,2019-03-20,"221ª reunião - Copom mantém taxa Selic em 6,50 % ao ano",https://www.bcb.gov.br/controleinflacao/comunicadoscopom/221
220,2019,2,2019-02-06,"220ª reunião - Copom mantém taxa Selic em 6,50 % a.a.",https://www.bcb.gov.br/controleinflacao/comunicadoscopom/220
219,2018,12,2018-12-12,"219ª reunião - Copom mantém taxa Selic em 6,50% a.a.",https://www.bcb.gov.br/controleinflacao/comunicadoscopom/219
218,2018,10,2018-10-31,"218ª reunião - Copom mantém taxa Selic em 6,50 % a.a.",https://www.bcb.gov.br/controleinflacao/comunicadoscopom/218
217,2018,9,2018-09-19,"217ª reunião - Copom mantém taxa Selic em 6,50% a.a.",https://www.bcb.gov.br/controleinflacao/comunicadoscopom/217
216,2018,8,2018-08-01,"216ª reunião - Copom mantém taxa Selic em 6,50% a.a.",https://www.bcb.gov.br/controleinflacao/comunicadoscopom/216
215,2018,6,2018-06-20,"215ª reunião - Copom mantém taxa Selic em 6,50% a.a.",https://www.bcb.gov.br/controleinflacao/comunicadoscopom/215
214,2018,5,2018-05-16,"214ª reunião - Copom mantém taxa Selic em 6,50% a.a.",https://www.bcb.gov.br/controleinflacao/comunicadoscopom/214
213,2018,3,2018-03-21,"213ª reunião - Copom reduz taxa Selic para 6,50% ao ano",https://www.bcb.gov.br/controleinflacao/comunicadoscopom/213
212,2018,2,2018-02-07,"212ª reunião - Copom reduz a taxa Selic para 6,75% ao ano",https://www.bcb.gov.br/controleinflacao/comunicadoscopom/212
211,2017,12,2017-12-06,"211ª reunião - Copom reduz a taxa Selic para 7,00% ao ano",https://www.bcb.gov.br/controleinflacao/comunicadoscopom/211
210,2017,10,2017-10-25,"210ª reunião - Copom reduz a taxa Selic para 7,50% ao ano",https://www.bcb.gov.br/controleinflacao/comunicadoscopom/210
209,2017,9,2017-09-06,"209ª reunião - Copom reduz a taxa Selic para 8,25% ao ano",https://www.bcb.gov.br/controleinflacao/comunicadoscopom/209
208,2017,7,2017-07-26,"208ª reunião - Copom reduz a taxa Selic para 9,25% ao ano",https://www.bcb.gov.br/controleinflacao/comunicadoscopom/208
207,2017,5,2017-05-31,"207ª reunião - Copom reduz a taxa Selic para 10,25% ao ano",https://www.bcb.gov.br/controleinflacao/comunicadoscopom/207
206,2017,4,2017-04-12,"206ª reunião - Copom reduz a taxa Selic para 11,25% ao ano  ",https://www.bcb.gov.br/controleinflacao/comunicadoscopom/206
205,2017,2,2017-02-22,"205ª reunião - Copom reduz a taxa Selic para 12,25% ao ano",https://www.bcb.gov.br/controleinflacao/comunicadoscopom/205
204,2017,1,2017-01-11,"204ª reunião - Copom reduz a taxa Selic para 13,00% ao ano",https://www.bcb.gov.br/controleinflacao/comunicadoscopom/204
203,2016,11,2016-11-30,"203ª reunião - Copom reduz a taxa Selic para 13,75% ao ano",https://www.bcb.gov.br/controleinflacao/comunicadoscopom/203
202,2016,10,2016-10-19,"202ª reunião - Copom reduz a taxa Selic para 14,00% ao ano",https://www.bcb.gov.br/controleinflacao/comunicadoscopom/202
201,2016,8,2016-08-31,201ª reunião - Nota à Imprensa - 201ª. Reunião,https://www.bcb.gov.br/controleinflacao/comunicadoscopom/201
200,2016,7,2016-07-20,200ª reunião - Nota à Imprensa - 200ª. Reunião,https://www.bcb.gov.br/controleinflacao/comunicadoscopom/200
199,2016,6,2016-06-08,199ª reunião - Nota à Imprensa - 199ª. Reunião,https://www.bcb.gov.br/controleinflacao/comunicadoscopom/199
198,2016,4,2016-04-27,198ª reunião - Nota à Imprensa - 198ª. Reunião,https://www.bcb.gov.br/controleinflacao/comunicadoscopom/198
197,2016,3,2016-03-02,197ª reunião - Nota à Imprensa - 197ª. Reunião,https://www.bcb.gov.br/controleinflacao/comunicadoscopom/197
196,2016,1,2016-01-20,196ª reunião - Nota à Imprensa - 196ª. Reunião,https://www.bcb.gov.br/controleinflacao/comunicadoscopom/196
195,2015,11,2015-11-25,195ª reunião - Nota à Imprensa - 195ª. Reunião,https://www.bcb.gov.br/controleinflacao/comunicadoscopom/195
194,2015,10,2015-10-21,194ª reunião - Nota à Imprensa - 194ª. Reunião,https://www.bcb.gov.br/controleinflacao/comunicadoscopom/194
193,2015,9,2015-09-02,193ª reunião - Nota à Imprensa - 193ª. Reunião,https://www.bcb.gov.br/controleinflacao/comunicadoscopom/193
192,2015,7,2015-07-29,192ª reunião - Nota à Imprensa - 192ª. Reunião,https://www.bcb.gov.br/controleinflacao/comunicadoscopom/192
191,2015,6,2015-06-03,191ª reunião - Nota à Imprensa - 191ª. Reunião,https://www.bcb.gov.br/controleinflacao/comunicadoscopom/191
190,2015,4,2015-04-29,190ª reunião - Nota à Imprensa - 190ª. Reunião,https://www.bcb.gov.br/controleinflacao/comunicadoscopom/190
189,2015,3,2015-03-04,189ª reunião - Nota à Imprensa - 189ª. Reunião,https://www.bcb.gov.br/controleinflacao/comunicadoscopom/189
188,2015,1,2015-01-21,188ª reunião - Nota à Imprensa - 188ª. Reunião,https://www.bcb.gov.br/controleinflacao/comunicadoscopom/188
187,2014,12,2014-12-03,187ª reunião - Nota à Imprensa - 187ª. Reunião,https://www.bcb.gov.br/controleinflacao/comunicadoscopom/187
186,2014,10,2014-10-29,186ª reunião - Nota à Imprensa - 186ª. Reunião,https://www.bcb.gov.br/controleinflacao/comunicadoscopom/186
185,2014,9,2014-09-03,185ª reunião - Nota à Imprensa - 185ª. Reunião,https://www.bcb.gov.br/controleinflacao/comunicadoscopom/185
184,2014,7,2014-07-16,184ª reunião - Nota à Imprensa - 184ª. Reunião,https://www.bcb.gov.br/controleinflacao/comunicadoscopom/184
183,2014,5,2014-05-28,183ª reunião - Nota à Imprensa - 183ª. Reunião,https://www.bcb.gov.br/controleinflacao/comunicadoscopom/183
182,2014,4,2014-04-02,182ª reunião - Nota à Imprensa - 182ª. Reunião,https://www.bcb.gov.br/controleinflacao/comunicadoscopom/182
181,2014,2,2014-02-26,181ª reunião - Nota à Imprensa - 181ª. Reunião,https://www.bcb.gov.br/controleinflacao/comunicadoscopom/181
180,2014,1,2014-01-15,180ª reunião - Nota à Imprensa - 180ª. Reunião,https://www.bcb.gov.br/controleinflacao/comunicadoscopom/180
179,2013,11,2013-11-27,179ª reunião - Nota à Imprensa - 179ª. Reunião,https://www.bcb.gov.br/controleinflacao/comunicadoscopom/179
178,2013,10,2013-10-09,178ª reunião - Nota à Imprensa - 178ª. Reunião,https://www.bcb.gov.br/controleinflacao/comunicadoscopom/178
177,2013,8,2013-08-28,177ª reunião - Nota à Imprensa - 177ª. Reunião,https://www.bcb.gov.br/controleinflacao/comunicadoscopom/177
176,2013,7,2013-07-10,176ª reunião - Nota à Imprensa - 176ª. Reunião,https://www.bcb.gov.br/controleinflacao/comunicadoscopom/176
175,2013,5,2013-05-29,175ª reunião - Nota à Imprensa - 175ª. Reunião,https://www.bcb.gov.br/controleinflacao/comunicadoscopom/175
174,2013,4,2013-04-17,174ª reunião - Nota à Imprensa - 174ª. Reunião,https://www.bcb.gov.br/controleinflacao/comunicadoscopom/174
173,2013,3,2013-03-06,173ª reunião - Nota à Imprensa - 173ª. Reunião,https://www.bcb.gov.br/controleinflacao/comunicadoscopom/173
172,2013,1,2013-01-16,172ª reunião - Nota à Imprensa - 172ª. Reunião,https://www.bcb.gov.br/controleinflacao/comunicadoscopom/172
171,2012,11,2012-11-28,171ª reunião - Nota à Imprensa - 171ª. Reunião,https://www.bcb.gov.br/controleinflacao/comunicadoscopom/171
170,2012,10,2012-10-10,170ª reunião - Nota à Imprensa - 170ª. Reunião,https://www.bcb.gov.br/controleinflacao/comunicadoscopom/170
169,2012,8,2012-08-29,169ª reunião - Nota à Imprensa - 169ª. Reunião,https://www.bcb.gov.br/controleinflacao/comunicadoscopom/169
168,2012,7,2012-07-11,168ª reunião - Nota à Imprensa - 168ª. Reunião,https://www.bcb.gov.br/controleinflacao/comunicadoscopom/168
167,2012,5,2012-05-30,167ª reunião - Nota à Imprensa - 167ª. Reunião,https://www.bcb.gov.br/controleinflacao/comunicadoscopom/167
166,2012,4,2012-04-18,166ª reunião - Nota à Imprensa - 166ª. Reunião,https://www.bcb.gov.br/controleinflacao/comunicadoscopom/166
165,2012,3,2012-03-07,165ª reunião - Nota à Imprensa - 165ª. Reunião,https://www.bcb.gov.br/controleinflacao/comunicadoscopom/165
164,2012,1,2012-01-18,164ª reunião - Nota à Imprensa - 164ª. Reunião,https://www.bcb.gov.br/controleinflacao/comunicadoscopom/164
163,2011,11,2011-11-30,163ª reunião - Nota à Imprensa - 163ª. Reunião,https://www.bcb.gov.br/controleinflacao/comunicadoscopom/163
162,2011,10,2011-10-19,162ª reunião - Nota à Imprensa - 162ª. Reunião,https://www.bcb.gov.br/controleinflacao/comunicadoscopom/162
161,2011,8,2011-08-31,161ª reunião - Nota à Imprensa - 161ª. Reunião,https://www.bcb.gov.br/controleinflacao/comunicadoscopom/161
160,2011,7,2011-07-20,160ª reunião - Nota à Imprensa - 160ª. Reunião,https://www.bcb.gov.br/controleinflacao/comunicadoscopom/160
159,2011,6,2011-06-08,159ª reunião - Nota à Imprensa - 159ª. Reunião,https://www.bcb.gov.br/controleinflacao/comunicadoscopom/159
158,2011,4,2011-04-20,158ª reunião - Nota à Imprensa - 158ª. Reunião,https://www.bcb.gov.br/controleinflacao/comunicadoscopom/158
157,2011,3,2011-03-02,157ª reunião - Nota à Imprensa - 157ª. Reunião,https://www.bcb.gov.br/controleinflacao/comunicadoscopom/157
156,2011,1,2011-01-19,156ª reunião - Nota à Imprensa - 156ª. Reunião,https://www.bcb.gov.br/controleinflacao/comunicadoscopom/156
155,2010,12,2010-12-08,155ª reunião - Nota à Imprensa - 155ª. Reunião,https://www.bcb.gov.br/controleinflacao/comunicadoscopom/155
154,2010,10,2010-10-20,154ª reunião - Nota à Imprensa - 154ª. Reunião,https://www.bcb.gov.br/controleinflacao/comunicadoscopom/154
153,2010,9,2010-09-01,153ª reunião - Nota à Imprensa - 153ª. Reunião,https://www.bcb.gov.br/controleinflacao/comunicadoscopom/153
152,2010,7,2010-07-21,152ª reunião - Nota à Imprensa - 152ª. Reunião,https://www.bcb.gov.br/controleinflacao/comunicadoscopom/152
151,2010,6,2010-06-09,151ª reunião - Nota à Imprensa - 151ª. Reunião,https://www.bcb.gov.br/controleinflacao/comunicadoscopom/151
150,2010,4,2010-04-28,150ª reunião - Nota à Imprensa - 150ª. Reunião,https://www.bcb.gov.br/controleinflacao/comunicadoscopom/150
149,2010,3,2010-03-17,149ª reunião - Nota à Imprensa - 149ª. Reunião,https://www.bcb.gov.br/controleinflacao/comunicadoscopom/149
148,2010,1,2010-01-27,148ª reunião - Nota à Imprensa - 148ª. Reunião,https://www.bcb.gov.br/controleinflacao/comunicadoscopom/148
147,2009,12,2009-12-09,147ª reunião - Nota à Imprensa - 147ª. Reunião,https://www.bcb.gov.br/controleinflacao/comunicadoscopom/147
146,2009,10,2009-10-21,146ª reunião - Nota à Imprensa - 146ª. Reunião,https://www.bcb.gov.br/controleinflacao/comunicadoscopom/146
145,2009,9,2009-09-02,145ª reunião - Nota à Imprensa - 145ª. Reunião,https://www.bcb.gov.br/controleinflacao/comunicadoscopom/145
144,2009,7,2009-07-22,144ª reunião - Nota à Imprensa - 144ª. Reunião,https://www.bcb.gov.br/controleinflacao/comunicadoscopom/144
143,2009,6,2009-06-10,143ª reunião - Nota à Imprensa - 143ª. Reunião,https://www.bcb.gov.br/controleinflacao/comunicadoscopom/143
142,2009,4,2009-04-29,142ª reunião - Nota à Imprensa - 142ª. Reunião,https://www.bcb.gov.br/controleinflacao/comunicadoscopom/142
141,2009,3,2009-03-11,141ª reunião - Nota à Imprensa - 141ª. Reunião,https://www.bcb.gov.br/controleinflacao/comunicadoscopom/141
140,2009,1,2009-01-21,140ª reunião - Nota à Imprensa - 140ª. Reunião,https://www.bcb.gov.br/controleinflacao/comunicadoscopom/140
139,2008,12,2008-12-10,139ª reunião - Nota à Imprensa - 139ª. Reunião,https://www.bcb.gov.br/controleinflacao/comunicadoscopom/139
138,2008,10,2008-10-29,138ª reunião - Nota à Imprensa - 138ª. Reunião,https://www.bcb.gov.br/controleinflacao/comunicadoscopom/138
137,2008,9,2008-09-10,137ª reunião - Nota à Imprensa - 137ª. Reunião,https://www.bcb.gov.br/controleinflacao/comunicadoscopom/137
136,2008,7,2008-07-23,136ª reunião - Nota à Imprensa - 136ª. Reunião,https://www.bcb.gov.br/controleinflacao/comunicadoscopom/136
135,2008,6,2008-06-04,135ª reunião - Nota à Imprensa - 135ª. Reunião,https://www.bcb.gov.br/controleinflacao/comunicadoscopom/135
134,2008,4,2008-04-16,134ª reunião - Nota à Imprensa - 134ª. Reunião,https://www.bcb.gov.br/controleinflacao/comunicadoscopom/134
133,2008,3,2008-03-05,133ª reunião - Nota à Imprensa - 133ª. Reunião,https://www.bcb.gov.br/controleinflacao/comunicadoscopom/133
132,2008,1,2008-01-23,132ª reunião - Nota à Imprensa - 132ª. Reunião,https://www.bcb.gov.br/controleinflacao/comunicadoscopom/132
131,2007,12,2007-12-05,131ª reunião - Nota à Imprensa - 131ª. Reunião,https://www.bcb.gov.br/controleinflacao/comunicadoscopom/131
130,2007,10,2007-10-17,130ª reunião - Nota à Imprensa - 130ª. Reunião,https://www.bcb.gov.br/controleinflacao/comunicadoscopom/130
129,2007,9,2007-09-05,129ª reunião - Nota à Imprensa - 129ª. Reunião,https://www.bcb.gov.br/controleinflacao/comunicadoscopom/129
128,2007,7,2007-07-18,128ª reunião - Nota à Imprensa - 128ª. Reunião,https://www.bcb.gov.br/controleinflacao/comunicadoscopom/128
127,2007,6,2007-06-06,127ª reunião - Nota à Imprensa - 127ª. Reunião,https://www.bcb.gov.br/controleinflacao/comunicadoscopom/127
126,2007,4,2007-04-18,126ª reunião - Nota à Imprensa - 126ª. Reunião,https://www.bcb.gov.br/controleinflacao/comunicadoscopom/126
125,2007,3,2007-03-07,125ª reunião - Nota à Imprensa - 125ª. Reunião,https://www.bcb.gov.br/controleinflacao/comunicadoscopom/125
124,2007,1,2007-01-24,124ª reunião - Nota à Imprensa - 124ª. Reunião,https://www.bcb.gov.br/controleinflacao/comunicadoscopom/124
123,2006,11,2006-11-29,123ª reunião - Nota à Imprensa - 123ª. Reunião,https://www.bcb.gov.br/controleinflacao/comunicadoscopom/123
122,2006,10,2006-10-18,122ª reunião - Nota à Imprensa - 122ª. Reunião,https://www.bcb.gov.br/controleinflacao/comunicadoscopom/122
121,2006,8,2006-08-30,121ª reunião - Nota à Imprensa - 121ª. Reunião,https://www.bcb.gov.br/controleinflacao/comunicadoscopom/121
120,2006,7,2006-07-19,120ª reunião - Nota à Imprensa - 120ª. Reunião,https://www.bcb.gov.br/controleinflacao/comunicadoscopom/120
119,2006,5,2006-05-31,119ª reunião - Nota à Imprensa - 119ª. Reunião,https://www.bcb.gov.br/controleinflacao/comunicadoscopom/119
118,2006,4,2006-04-19,118ª reunião - Nota à Imprensa - 118ª. Reunião,https://www.bcb.gov.br/controleinflacao/comunicadoscopom/118
117,2006,3,2006-03-08,117ª reunião - Nota à Imprensa - 117ª. Reunião,https://www.bcb.gov.br/controleinflacao/comunicadoscopom/117
116,2006,1,2006-01-18,116ª reunião - Nota à Imprensa - 116ª. Reunião,https://www.bcb.gov.br/controleinflacao/comunicadoscopom/116
115,2005,12,2005-12-14,115ª reunião - Nota à Imprensa - 115ª. Reunião,https://www.bcb.gov.br/controleinflacao/comunicadoscopom/115
114,2005,11,2005-11-23,114ª reunião - Nota à Imprensa - 114ª. Reunião,https://www.bcb.gov.br/controleinflacao/comunicadoscopom/114
113,2005,10,2005-10-19,113ª reunião - Nota à Imprensa - 113ª. Reunião,https://www.bcb.gov.br/controleinflacao/comunicadoscopom/113
112,2005,9,2005-09-14,112ª reunião - Nota à Imprensa - 112ª. Reunião,https://www.bcb.gov.br/controleinflacao/comunicadoscopom/112
111,2005,8,2005-08-17,111ª reunião - Nota à Imprensa - 111ª. Reunião,https://www.bcb.gov.br/controleinflacao/comunicadoscopom/111
110,2005,7,2005-07-20,110ª reunião - Nota à Imprensa - 110ª. Reunião,https://www.bcb.gov.br/controleinflacao/comunicadoscopom/110
109,2005,6,2005-06-15,109ª reunião - Nota à Imprensa - 109ª. Reunião,https://www.bcb.gov.br/controleinflacao/comunicadoscopom/109
108,2005,5,2005-05-18,108ª reunião - Nota à Imprensa - 108ª. Reunião,https://www.bcb.gov.br/controleinflacao/comunicadoscopom/108
107,2005,4,2005-04-20,107ª reunião - Nota à Imprensa - 107ª. Reunião,https://www.bcb.gov.br/controleinflacao/comunicadoscopom/107
106,2005,3,2005-03-16,106ª reunião - Nota à Imprensa - 106ª. Reunião,https://www.bcb.gov.br/controleinflacao/comunicadoscopom/106
105,2005,2,2005-02-16,105ª reunião - Nota à Imprensa - 105ª. Reunião,https://www.bcb.gov.br/controleinflacao/comunicadoscopom/105
104,2005,1,2005-01-19,104ª reunião - Nota à Imprensa - 104ª. Reunião,https://www.bcb.gov.br/controleinflacao/comunicadoscopom/104
103,2004,12,2004-12-15,103ª reunião - Nota à Imprensa - 103ª. Reunião,https://www.bcb.gov.br/controleinflacao/comunicadoscopom/103
102,2004,11,2004-11-17,102ª reunião - Nota à Imprensa - 102ª. Reunião,https://www.bcb.gov.br/controleinflacao/comunicadoscopom/102
101,2004,10,2004-10-20,101ª reunião - Nota à Imprensa - 101ª. Reunião,https://www.bcb.gov.br/controleinflacao/comunicadoscopom/101
100,2004,9,2004-09-15,100ª reunião - Nota à Imprensa - 100ª. Reunião,https://www.bcb.gov.br/controleinflacao/comunicadoscopom/100
99,2004,8,2004-08-18,99ª reunião - Nota à Imprensa - 99ª. Reunião,https://www.bcb.gov.br/controleinflacao/comunicadoscopom/99
98,2004,7,2004-07-21,98ª reunião - Nota à Imprensa - 98ª. Reunião,https://www.bcb.gov.br/controleinflacao/comunicadoscopom/98
97,2004,6,2004-06-16,97ª reunião - Nota à Imprensa - 97ª. Reunião,https://www.bcb.gov.br/controleinflacao/comunicadoscopom/97
96,2004,5,2004-05-19,96ª reunião - Nota à Imprensa - 96ª. Reunião,https://www.bcb.gov.br/controleinflacao/comunicadoscopom/96
95,2004,4,2004-04-14,95ª reunião - Nota à Imprensa - 95ª. Reunião,https://www.bcb.gov.br/controleinflacao/comunicadoscopom/95
94,2004,3,2004-03-18,94ª reunião - Nota à Imprensa - 94ª. Reunião,https://www.bcb.gov.br/controleinflacao/comunicadoscopom/94
93,2004,2,2004-02-18,93ª reunião - Nota à Imprensa - 93ª. Reunião,https://www.bcb.gov.br/controleinflacao/comunicadoscopom/93
92,2004,1,2004-01-21,92ª reunião - Nota à Imprensa - 92ª. Reunião,https://www.bcb.gov.br/controleinflacao/comunicadoscopom/92
91,2003,12,2003-12-17,91ª reunião - Nota à Imprensa - 91ª. Reunião,https://www.bcb.gov.br/controleinflacao/comunicadoscopom/91
90,2003,11,2003-11-19,90ª reunião - Nota à Imprensa - 90ª. Reunião,https://www.bcb.gov.br/controleinflacao/comunicadoscopom/90
89,2003,10,2003-10-22,89ª reunião - Nota à Imprensa - 89ª. Reunião,https://www.bcb.gov.br/controleinflacao/comunicadoscopom/89
88,2003,9,2003-09-17,88ª reunião - Nota à Imprensa - 88ª. Reunião,https://www.bcb.gov.br/controleinflacao/comunicadoscopom/88
87,2003,8,2003-08-20,87ª reunião - Nota à Imprensa - 87ª. Reunião,https://www.bcb.gov.br/controleinflacao/comunicadoscopom/87
86,2003,7,2003-07-23,86ª reunião - Nota à Imprensa - 86ª. Reunião,https://www.bcb.gov.br/controleinflacao/comunicadoscopom/86
85,2003,6,2003-06-18,85ª reunião - Nota à Imprensa - 85ª. Reunião,https://www.bcb.gov.br/controleinflacao/comunicadoscopom/85
84,2003,5,2003-05-21,84ª reunião - Nota à Imprensa - 84ª. Reunião,https://www.bcb.gov.br/controleinflacao/comunicadoscopom/84
83,2003,4,2003-04-23,83ª reunião - Nota à Imprensa - 83ª. Reunião,https://www.bcb.gov.br/controleinflacao/comunicadoscopom/83
82,2003,3,2003-03-19,82ª reunião - Nota à Imprensa - 82ª. Reunião,https://www.bcb.gov.br/controleinflacao/comunicadoscopom/82
81,2003,2,2003-02-19,81ª reunião - Nota à Imprensa - 81ª. Reunião,https://www.bcb.gov.br/controleinflacao/comunicadoscopom/81
80,2003,1,2003-01-22,80ª reunião - Nota à Imprensa - 80ª. Reunião,https://www.bcb.gov.br/controleinflacao/comunicadoscopom/80
79,2002,12,2002-12-18,79ª reunião - Nota à Imprensa - 79ª. Reunião,https://www.bcb.gov.br/controleinflacao/comunicadoscopom/79
78,2002,11,2002-11-20,78ª reunião - Nota à Imprensa - 78ª. Reunião,https://www.bcb.gov.br/controleinflacao/comunicadoscopom/78
77,2002,10,2002-10-23,77ª reunião - Nota à Imprensa - 77ª. Reunião,https://www.bcb.gov.br/controleinflacao/comunicadoscopom/77
76,2002,10,2002-10-14,76ª reunião - Nota à Imprensa - 76ª. Reunião,https://www.bcb.gov.br/controleinflacao/comunicadoscopom/76
75,2002,9,2002-09-18,75ª reunião - Nota à Imprensa - 75ª. Reunião,https://www.bcb.gov.br/controleinflacao/comunicadoscopom/75
74,2002,8,2002-08-21,74ª reunião - Nota à Imprensa - 74ª. Reunião,https://www.bcb.gov.br/controleinflacao/comunicadoscopom/74
73,2002,7,2002-07-17,73ª reunião - Nota à Imprensa - 73ª. Reunião,https://www.bcb.gov.br/controleinflacao/comunicadoscopom/73
72,2002,6,2002-06-19,72ª reunião - Nota à Imprensa - 72ª. Reunião,https://www.bcb.gov.br/controleinflacao/comunicadoscopom/72
71,2002,5,2002-05-22,71ª reunião - Nota à Imprensa - 71ª. Reunião,https://www.bcb.gov.br/controleinflacao/comunicadoscopom/71
70,2002,4,2002-04-17,70ª reunião - Nota à Imprensa - 70ª. Reunião,https://www.bcb.gov.br/controleinflacao/comunicadoscopom/70
69,2002,3,2002-03-20,69ª reunião - Nota à Imprensa - 69ª. Reunião,https://www.bcb.gov.br/controleinflacao/comunicadoscopom/69
68,2002,2,2002-02-20,68ª reunião - Nota à Imprensa - 68ª. Reunião,https://www.bcb.gov.br/controleinflacao/comunicadoscopom/68
67,2002,1,2002-01-23,67ª reunião - Nota à Imprensa - 67ª. Reunião,https://www.bcb.gov.br/controleinflacao/comunicadoscopom/67
66,2001,12,2001-12-19,66ª reunião - Nota à Imprensa - 66ª. Reunião,https://www.bcb.gov.br/controleinflacao/comunicadoscopom/66
65,2001,11,2001-11-21,65ª reunião - Nota à Imprensa - 65ª. Reunião,https://www.bcb.gov.br/controleinflacao/comunicadoscopom/65
64,2001,10,2001-10-17,64ª reunião - Nota à Imprensa - 64ª. Reunião,https://www.bcb.gov.br/controleinflacao/comunicadoscopom/64
63,2001,9,2001-09-19,63ª reunião - Nota à Imprensa - 63ª. Reunião,https://www.bcb.gov.br/controleinflacao/comunicadoscopom/63
62,2001,8,2001-08-22,62ª reunião - Nota à Imprensa - 62ª. Reunião,https://www.bcb.gov.br/controleinflacao/comunicadoscopom/62
61,2001,7,2001-07-18,61ª reunião - Nota à Imprensa - 61ª. Reunião,https://www.bcb.gov.br/controleinflacao/comunicadoscopom/61
60,2001,6,2001-06-20,60ª reunião - Nota à Imprensa - 60ª. Reunião,https://www.bcb.gov.br/controleinflacao/comunicadoscopom/60
59,2001,5,2001-05-23,59ª reunião - Nota à Imprensa - 59ª. Reunião,https://www.bcb.gov.br/controleinflacao/comunicadoscopom/59
58,2001,4,2001-04-18,58ª reunião - Nota à Imprensa - 58ª. Reunião,https://www.bcb.gov.br/controleinflacao/comunicadoscopom/58
57,2001,3,2001-03-21,57ª reunião - Nota à Imprensa - 57ª. Reunião,https://www.bcb.gov.br/controleinflacao/comunicadoscopom/57
56,2001,2,2001-02-14,56ª reunião - Nota à Imprensa - 56ª. Reunião,https://www.bcb.gov.br/controleinflacao/comunicadoscopom/56
55,2001,1,2001-01-17,55ª reunião - Nota à Imprensa - 55ª. Reunião,https://www.bcb.gov.br/controleinflacao/comunicadoscopom/55
54,2000,12,2000-12-20,54ª reunião - Nota à Imprensa - 54ª. Reunião,https://www.bcb.gov.br/controleinflacao/comunicadoscopom/54
53,2000,11,2000-11-22,53ª reunião - Nota à Imprensa - 53ª. Reunião,https://www.bcb.gov.br/controleinflacao/comunicadoscopom/53
52,2000,10,2000-10-18,52ª reunião - Nota à Imprensa - 52ª. Reunião,https://www.bcb.gov.br/controleinflacao/comunicadoscopom/52
51,2000,9,2000-09-20,51ª reunião - Nota à Imprensa - 51ª. Reunião,https://www.bcb.gov.br/controleinflacao/comunicadoscopom/51
50,2000,8,2000-08-23,50ª reunião - Nota à Imprensa - 50ª. Reunião,https://www.bcb.gov.br/controleinflacao/comunicadoscopom/50
49,2000,7,2000-07-19,49ª reunião - Nota à Imprensa - 49ª. Reunião,https://www.bcb.gov.br/controleinflacao/comunicadoscopom/49
48,2000,6,2000-06-20,48ª reunião - Nota à Imprensa - 48ª. Reunião,https://www.bcb.gov.br/controleinflacao/comunicadoscopom/48
47,2000,5,2000-05-24,47ª reunião - Nota à Imprensa - 47ª. Reunião,https://www.bcb.gov.br/controleinflacao/comunicadoscopom/47
46,2000,4,2000-04-19,46ª reunião - Nota à Imprensa - 46ª. Reunião,https://www.bcb.gov.br/controleinflacao/comunicadoscopom/46
277,2026,3,2026-03-18,Copom meeting R2/2026,
278,2026,4,2026-04-29,Copom meeting R3/2026,
279,2026,6,2026-06-17,Copom meeting R4/2026,
280,2026,8,2026-08-05,Copom meeting R5/2026,
281,2026,9,2026-09-16,Copom meeting R6/2026,
282,2026,11,2026-11-04,Copom meeting R7/2026,
283,2026,12,2026-12-09,Copom meeting R8/2026,
284,2027,1,2027-01-27,Copom meeting R1/2027,
285,2027,3,2027-03-17,Copom meeting R2/2027,
286,2027,5,2027-05-05,Copom meeting R3/2027,
287,2027,6,2027-06-16,Copom meeting R4/2027,
288,2027,8,2027-08-04,Copom meeting R5/2027,
289,2027,9,2027-09-15,Copom meeting R6/2027,
290,2027,11,2027-11-03,Copom meeting R7/2027,
291,2027,12,2027-12-08,Copom meeting R8/2027,
